i_gru,n_m,Ra,dec,z,thete_g ,mu,sigv,r_b,flag,rabs1,d_ij,tcr,rp,rabs2,Target,ngc,pasiva
1,4,114.84200000000001,45.103,0.078292,2.62,25.018,348.67900000000003,14.719000000000001,0,-22.375,0.1433106,0.0372745,87.75659940000001,-20.608,Field,1,3
2,4,116.57700000000001,22.02,0.046817000000000004,4.09,25.289,274.092,14.289000000000001,0,-21.511999999999997,0.0923132,0.030543999999999998,82.5437088,-20.895,Loose,2,4
3,4,117.288,21.761999999999997,0.024475999999999998,9.769,26.134,136.7,13.359000000000002,0,-21.046999999999997,0.1754406,0.1163915,103.6088181,-20.805999999999997,Field,3,3
4,5,117.794,50.217,0.02181,5.095,23.789,409.80300000000005,12.839,0,-21.235,0.055581500000000006,0.012300299999999998,48.1768188,-21.206999999999997,Loose,4,5
5,4,118.709,45.713,0.053666,1.065,22.685,515.812,14.645,0,-21.496,0.034045099999999995,0.0059858,24.5974789,-20.963,Node,5,4
6,4,119.19,45.886,0.054922000000000006,1.2,22.296999999999997,461.528,14.072000000000001,0,-22.218000000000004,0.0346101,0.0068009,28.3622646,-22.014,Loose,6,3
7,4,119.959,18.425,0.042135,3.2910000000000004,25.048000000000002,393.528,14.272,0,-21.333000000000002,0.09177260000000001,0.0211493,59.8356705,-20.062,Field,7,4
8,4,119.969,24.037,0.047932,3.174,24.845,125.70299999999999,14.302999999999999,0,-21.593000000000004,0.08846760000000001,0.0638258,65.5742416,-20.313,Field,8,1
9,4,120.355,27.24,0.048037,4.784,25.241999999999997,356.045,13.942,0,-21.989,0.14423370000000002,0.0367385,99.0294037,-21.445999999999998,Loose,9,4
10,6,120.491,9.561,0.016655,22.096,26.218000000000004,297.232,11.470999999999998,0,-22.052,0.1349445,0.0411736,159.7374115,-20.325,Loose,10,6
11,4,120.762,39.900999999999996,0.041514999999999996,3.908,24.733,163.667,13.968,0,-21.635,0.095052,0.05266950000000001,70.0198135,-21.021,Node,11,3
12,4,120.805,8.23,0.051395,5.07,25.534000000000002,364.532,14.014000000000001,0,-22.098000000000003,0.1508181,0.0375213,112.21070859999999,-21.177,Field,12,3
13,6,121.292,46.72,0.023119,9.662,26.291999999999998,176.8,13.210999999999999,0,-21.055999999999997,0.0509038,0.0261112,96.8225479,-18.921,Field,13,5
14,4,121.367,37.543,0.034293000000000004,2.042,23.211,167.12400000000002,13.76,0,-21.39,0.0386983,0.020999599999999997,30.2696781,-21.142,Loose,14,3
15,8,121.735,19.795,0.038854,9.607999999999999,26.325,480.834,13.744000000000002,0,-21.629,0.1606122,0.030293,161.22663880000002,-20.906,Field,15,7
16,6,122.056,9.029,0.053545,3.489,24.517,148.746,13.972000000000001,0,-22.18,0.0810424,0.0494114,80.3946228,-21.228,Loose,16,4
17,4,123.478,9.701,0.052687,2.495,24.84,281.363,14.602,0,-21.537,0.06952739999999999,0.0224104,56.5878448,-19.613,Loose,17,4
18,4,124.236,27.607,0.040713,5.506,26.195,67.99,14.579,0,-20.958000000000002,0.128621,0.1715629,96.7738037,-20.526999999999997,Field,18,2
19,7,125.295,35.802,0.061716,6.357,25.997,436.32300000000004,14.140999999999998,0,-22.379,0.16935029999999998,0.0351995,168.52096559999998,-21.42,Loose,19,6
20,4,125.926,21.38,0.018345,6.647,25.061999999999998,175.74900000000002,13.012,0,-20.686,0.0913776,0.0471526,52.9054184,-20.002,Loose,20,1
21,4,126.573,17.36,0.066737,4.854,26.245,257.58099999999996,14.73,0,-21.921999999999997,0.1667616,0.0587141,138.98123169999997,-20.889,Loose,21,0
22,8,126.77799999999999,18.005,0.058495000000000005,4.348,25.199,338.741,14.635,0,-21.743000000000002,0.0972077,0.0260251,109.3269882,-21.068,Field,22,6
23,4,127.656,58.059,0.046261000000000004,2.673,24.961,205.94099999999997,14.610999999999999,0,-21.248,0.05671709999999999,0.0249764,53.31942370000001,-19.637,Loose,23,4
24,4,127.927,39.668,0.05786,1.7480000000000002,23.791,361.103,14.755999999999998,0,-21.59,0.045568300000000006,0.0114443,43.4886665,-20.891,Field,24,4
25,4,128.713,44.633,0.037984,5.716,26.183000000000003,144.009,14.213,0,-21.174,0.0987712,0.062201400000000004,93.78479770000001,-20.008,Field,25,2
26,4,129.08700000000002,54.008,0.031324,5.409,25.828000000000003,231.775,13.863,0,-21.051,0.11411019999999998,0.0446495,73.3005753,-19.007,Field,26,2
27,4,129.942,52.994,0.046097000000000006,4.803,26.004,290.46299999999997,14.717,0,-21.033,0.1373967,0.0428987,95.4657288,-20.862,Loose,27,2
28,4,130.625,52.782,0.045514,5.593,25.405,116.48100000000001,13.422,0,-22.346999999999998,0.12305739999999998,0.09581010000000001,109.75809479999998,-20.824,Field,28,2
29,4,130.857,36.219,0.053917999999999994,3.958,25.084,263.107,14.296,0,-21.872,0.1239636,0.0427289,91.8429184,-21.753,FIl,29,3
30,5,131.451,53.977,0.030976999999999998,5.341,25.21,156.946,13.549000000000001,0,-21.406,0.056094200000000004,0.0324135,71.59270479999999,-19.882,Field,30,5
31,4,132.507,2.611,0.06046699999999999,5.496,26.174,133.067,14.202,0,-22.226,0.177892,0.12123980000000001,142.776413,-20.575,Field,31,4
32,5,132.59799999999998,55.398999999999994,0.031201999999999997,8.708,25.984,224.19400000000002,13.231,0,-21.704,0.1128106,0.0456336,117.5636139,-20.385,Field,32,5
33,4,132.68200000000002,1.325,0.043193,3.089,24.393,68.035,14.110999999999999,0,-21.581999999999997,0.0587221,0.0782761,57.5590134,-20.826,Field,33,2
34,4,134.102,14.547,0.071076,3.911,25.676,357.531,14.425,0,-22.404,0.1517185,0.0384843,119.1261139,-20.395,Node,34,4
35,5,134.28,39.994,0.097295,3.444,25.441,229.078,14.595999999999998,0,-22.969,0.167944,0.0664877,142.6985016,-21.58,Loose,35,5
36,4,134.55200000000002,17.577,0.049512,6.109,26.139,295.97,13.943,0,-22.055,0.17773350000000002,0.054460400000000006,130.29710390000002,-20.177,Field,36,2
37,5,136.24,17.455,0.029005,3.758,24.103,335.04699999999997,13.13,0,-21.714000000000002,0.0502642,0.0136054,47.186981200000005,-20.146,Field,37,4
38,5,136.27200000000002,18.362000000000002,0.01489,17.543,26.081999999999997,397.75699999999995,11.829,0,-21.456,0.15336770000000002,0.034968400000000004,113.4161606,-19.989,Loose,38,4
39,4,136.311,28.256999999999998,0.027658999999999996,3.8289999999999997,25.111,112.488,13.933,0,-20.723000000000003,0.05825399999999999,0.0469653,45.858081799999994,-19.082,Loose,39,3
40,5,137.51,50.358000000000004,0.016991,13.107000000000001,25.779,179.537,12.630999999999998,0,-20.897,0.1003957,0.050713,96.6575699,-20.844,Field,40,5
41,4,138.94899999999998,10.162,0.031755,5.768,25.499000000000002,149.689,13.687999999999999,0,-21.325,0.08282289999999999,0.0501787,79.237236,-20.725,Loose,41,2
42,4,139.129,30.866999999999997,0.024047,8.376,25.509,73.143,12.779000000000002,0,-21.566,0.09017489999999999,0.1118077,87.2886276,-20.064,FIl,42,4
43,4,139.185,27.366999999999997,0.047856,2.571,24.644000000000002,432.80800000000005,14.584000000000001,0,-21.343000000000004,0.062257799999999995,0.0130454,53.01718520000001,-20.660999999999998,Field,43,1
44,4,139.219,43.701,0.029332999999999998,2.536,23.778000000000002,514.923,13.825,0,-21.151999999999997,0.036679699999999996,0.0064602,32.195232399999995,-20.049,Field,44,3
45,4,139.22799999999998,29.355,0.037094999999999996,6.212000000000001,26.000999999999998,204.675,14.3,0,-21.026,0.1116874,0.049487800000000005,99.56081390000001,-20.614,VoiR,45,2
46,4,140.55200000000002,33.893,0.024263,5.42,24.989,537.413,12.978,0,-21.38,0.0597741,0.010087,56.9838333,-19.289,Loose,46,2
47,4,140.871,22.316999999999997,0.031389999999999994,1.4680000000000002,22.769000000000002,315.586,14.164000000000001,0,-20.848000000000003,0.031225299999999998,0.0089732,19.9326401,-20.157,Node,47,3
48,4,140.915,24.479,0.034652999999999996,5.388999999999999,25.323,350.23400000000004,13.577,0,-21.642,0.1161615,0.030079,80.7353745,-20.401,Field,48,4
49,4,141.22899999999998,42.152,0.048164,2.5610000000000004,24.712,517.8969999999999,14.392000000000001,0,-21.537,0.0542119,0.0094932,53.159797700000006,-19.48,Field,49,3
50,4,141.615,22.1,0.026841000000000004,4.541,25.009,56.184,13.770999999999999,0,-20.823,0.0619773,0.1000413,52.783443500000004,-20.122,FIl,50,1
51,5,141.814,23.037,0.030226999999999997,4.762,24.61,493.01099999999997,13.295,0,-21.339000000000002,0.06623,0.0121831,62.284626,-20.292,Loose,51,3
52,4,141.99,30.01,0.027545,3.5580000000000003,23.585,386.384,12.58,0,-22.075,0.0514284,0.012071,42.443615,-20.339000000000002,Loose,52,3
53,5,142.451,21.429000000000002,0.035077,6.959,25.793000000000003,159.649,13.89,0,-21.32,0.0805141,0.04573680000000001,105.5219574,-21.055,Field,53,4
54,4,143.804,24.596999999999998,0.062298,2.189,24.531,226.71599999999998,14.534,0,-21.975,0.0667782,0.026712299999999998,58.5553322,-19.8,Field,54,2
55,5,144.433,17.083,0.028685000000000002,6.357,26.07,400.455,14.302,0,-20.442999999999998,0.10219919999999999,0.023144799999999997,78.94345859999999,-19.68,Field,55,5
56,5,144.441,23.184,0.025997000000000003,7.815,25.857,111.804,13.687999999999999,0,-20.838,0.1288359,0.1045056,88.0096207,-20.642,Field,56,1
57,4,145.466,14.954,0.026851999999999997,3.39,24.729,196.805,14.057,0,-20.522,0.0503211,0.0231886,39.427433,-19.23,Field,57,1
58,5,145.623,4.293,0.029997000000000003,8.371,25.925,273.703,13.155999999999999,0,-21.691,0.1268774,0.04204,108.6749496,-19.904,Field,58,3
59,4,145.967,11.027999999999999,0.022112,6.965,25.447,206.422,13.267000000000001,0,-20.85,0.0929805,0.040850300000000006,66.7648468,-20.358,Field,59,3
60,4,146.028,42.638000000000005,0.018683,5.6370000000000005,25.463,102.00299999999999,13.380999999999998,0,-20.379,0.0524323,0.0466172,45.693172499999996,-18.075,Loose,60,1
61,4,146.328,34.703,0.041539,1.7790000000000001,23.913,119.125,14.468,0,-21.125999999999998,0.0362075,0.0275649,31.901643800000002,-19.352,Loose,61,3
62,5,146.72299999999998,22.070999999999998,0.026037,10.681,25.583000000000002,160.04399999999998,12.775,0,-21.737,0.1085067,0.0614859,120.4591217,-21.669,Field,62,5
63,4,147.415,34.68,0.039793,6.563,25.304000000000002,91.84200000000001,12.987,0,-22.489,0.2019217,0.1993896,112.7713547,-20.705,Field,63,3
64,4,147.441,9.084,0.018945,10.460999999999999,25.915,213.232,13.059000000000001,0,-20.723000000000003,0.0886902,0.0377209,85.9779968,-20.391,Field,64,3
65,4,147.584,25.805999999999997,0.054059,6.526,26.293000000000003,335.48900000000003,14.195,0,-21.923000000000002,0.21522339999999998,0.05817959999999999,151.8096771,-21.204,Field,65,1
67,4,148.269,19.402,0.025965,4.915,24.486,309.781,12.833,0,-21.724,0.05549490000000001,0.0162464,55.2848167,-20.019000000000002,Loose,67,4
68,6,148.30700000000002,7.837000000000001,0.041757999999999997,5.465,25.747,227.326,14.572000000000001,0,-21.035,0.1358556,0.0541986,98.48728940000001,-20.724,Field,68,4
69,4,149.088,20.500999999999998,0.025606,3.031,23.636,229.455,13.517000000000001,0,-20.945999999999998,0.0468653,0.0185231,33.618969,-20.656999999999996,Loose,69,3
70,4,149.096,37.633,0.023408,5.667000000000001,25.746,111.861,14.182,0,-20.145,0.0774962,0.0628289,57.496418000000006,-19.984,Field,70,3
71,5,150.64,32.711,0.051116,1.2770000000000001,22.488000000000003,219.99200000000002,13.799000000000001,0,-22.273000000000003,0.0394274,0.0162537,28.118162199999997,-20.853,Loose,71,5
72,4,150.868,37.457,0.022474,2.878,24.37,397.54900000000004,14.19,0,-20.051,0.0384935,0.008781200000000001,28.0354137,-19.576,Loose,72,4
73,4,151.012,31.098000000000003,0.022236000000000002,12.331,26.276999999999997,243.87099999999998,12.448,0,-21.662,0.1665419,0.061933,118.8737869,-19.414,VoiS,73,2
74,4,151.089,0.506,0.047548,3.568,25.129,241.97299999999998,14.355,0,-21.548000000000002,0.1181009,0.0442634,73.11882779999999,-20.187,FIl,74,4
75,6,151.27700000000002,46.702,0.025054,6.733,25.76,236.91299999999998,13.955,0,-20.472,0.10961069999999999,0.041958800000000004,73.0864182,-19.916,Field,75,3
76,4,151.282,0.609,0.063715,3.971,25.906,164.63299999999998,14.542,0,-22.028000000000002,0.1703608,0.0938451,108.62033079999999,-19.689,Loose,76,4
77,4,151.406,0.588,0.022261000000000003,8.486,25.65,126.185,13.512,0,-20.65,0.0920276,0.0661409,81.89486690000001,-20.503,Field,77,4
78,4,152.85399999999998,37.891,0.054448,1.9040000000000001,24.052,138.042,14.700999999999999,0,-21.484,0.0575403,0.0378024,44.598995200000005,-21.11,Loose,78,3
79,4,153.49,38.664,0.021676,3.997,23.635,274.244,13.043,0,-21.081,0.0380906,0.0125962,37.567588799999996,-21.058000000000003,Loose,79,4
80,4,153.52700000000002,14.457,0.030741,9.423,25.961,143.61700000000002,13.399000000000001,0,-21.521,0.12803119999999998,0.08084789999999999,125.33734129999999,-21.145,Field,80,4
81,6,153.804,60.141999999999996,0.072774,2.795,24.548000000000002,324.665,14.585,0,-22.316999999999997,0.08391280000000001,0.0234397,87.1414032,-21.148000000000003,Field,81,6
82,4,154.469,37.165,0.04532,5.994,26.268,183.60299999999998,14.082,0,-21.686,0.1252528,0.0618683,117.13838200000001,-19.745,Field,82,2
83,5,154.561,48.897,0.062183,4.205,25.763,173.405,14.565,0,-21.945,0.13195810000000002,0.0690135,112.29004669999999,-20.502,Loose,83,3
84,4,154.743,16.13,0.029872000000000003,5.943,25.546,162.47799999999998,13.509,0,-21.316,0.0866755,0.0483794,76.8328247,-20.172,Loose,84,3
85,4,154.841,49.083999999999996,0.056872000000000006,4.0089999999999995,25.498,336.656,14.314,0,-21.889,0.1022105,0.0275339,98.0479965,-20.836,VoiS,85,3
86,4,155.276,0.6559999999999999,0.055187,3.24,25.337,212.65,14.565,0,-21.721999999999998,0.1230616,0.052482600000000004,76.92539980000001,-20.4,Field,86,1
87,4,155.542,38.522,0.056034,1.1,22.372,540.094,14.280999999999999,0,-22.033,0.0266308,0.0044716999999999995,26.5190601,-21.526,Node,87,4
88,6,155.83,12.835,0.033385000000000005,5.965,25.068,253.595,13.359000000000002,0,-21.743000000000002,0.0938183,0.033551,86.11459350000001,-20.775,Loose,88,6
89,4,156.124,41.716,0.045943,3.4419999999999997,24.47,710.808,13.568,0,-22.214000000000002,0.09870169999999999,0.0125931,68.17722320000001,-20.49,Field,89,4
90,4,156.21200000000002,9.577,0.046883,2.2640000000000002,23.97,40.369,14.097000000000001,0,-21.773000000000003,0.048793500000000004,0.10961549999999999,45.761337299999994,-20.79,Field,90,3
91,4,156.412,10.364,0.047487,5.129,25.93,357.67199999999997,14.299000000000001,0,-21.555,0.1220413,0.030944299999999998,104.9728088,-20.656999999999996,Field,91,3
92,5,156.469,13.729000000000001,0.032938,3.3539999999999996,23.944000000000003,219.52200000000002,13.571,0,-21.506999999999998,0.0605121,0.024999,47.7842598,-21.029,Field,92,3
93,4,156.632,10.936,0.033481,4.497,25.48,387.207,14.333,0,-20.738000000000003,0.0866628,0.020297799999999998,65.11536410000001,-20.472,Node,93,3
94,5,156.75799999999998,16.074,0.034685,6.827000000000001,25.267,174.533,13.552,0,-21.622,0.10788139999999999,0.0560568,102.37026209999999,-21.357,Field,94,4
95,4,156.893,1.218,0.023396,5.461,25.054000000000002,100.42299999999999,13.549000000000001,0,-20.755,0.062301300000000004,0.056262900000000005,55.37871170000001,-20.372,Field,95,2
96,6,157.238,8.496,0.048632999999999996,3.1639999999999997,24.362,289.758,14.103,0,-21.844,0.0798566,0.024993900000000003,66.30137629999999,-21.129,Loose,96,6
97,4,157.256,3.13,0.073808,1.631,23.888,281.499,14.719000000000001,0,-22.19,0.0754632,0.024311900000000004,51.5702591,-21.278000000000002,Node,97,4
98,4,157.28799999999998,37.562,0.051462,4.873,26.065,92.552,14.439,0,-21.624000000000002,0.1531276,0.1500474,107.9922104,-20.315,Field,98,2
99,4,157.58,21.191,0.043576,4.328,25.284000000000002,180.988,13.844000000000001,0,-21.839000000000002,0.1084095,0.0543222,81.3549957,-20.255,Field,99,3
100,7,157.811,25.954,0.021455000000000002,12.225,26.114,166.50799999999998,13.382,0,-20.77,0.1679278,0.0914631,113.72509,-20.47,VoiS,100,4
101,4,158.548,61.623999999999995,0.031319,2.042,23.000999999999998,232.584,13.357999999999999,0,-21.605999999999998,0.039553899999999996,0.015423,27.668716399999997,-20.504,Loose,101,4
102,4,158.563,56.713,0.044944,3.457,25.487,324.817,14.765999999999998,0,-21.009,0.08636310000000001,0.024112900000000003,67.01008610000001,-19.724,FIl,102,4
103,4,158.754,4.803999999999999,0.03107,3.852,25.404,192.15200000000002,14.329,0,-20.548000000000002,0.0958662,0.0452459,51.782196,-19.17,Field,103,3
104,4,158.94,21.070999999999998,0.023768,2.7569999999999997,24.035,217.06599999999997,13.667,0,-20.743000000000002,0.0442696,0.0184958,28.3995647,-19.625,VoiS,104,0
105,4,159.17,5.537999999999999,0.030780000000000002,4.581,25.463,246.459,14.077,0,-20.866999999999997,0.0842013,0.0309837,61.0131378,-19.422,Field,105,4
106,4,159.817,-0.305,0.019944,12.739,26.184,37.48,12.527999999999999,0,-21.404,0.16895090000000001,0.40880809999999995,110.2041245,-20.311,Field,106,2
107,4,160.091,6.856,0.0315,5.246,25.949,45.398,14.677999999999999,0,-20.289,0.09827469999999999,0.1963185,71.4951935,-20.25,Loose,107,4
108,4,160.829,57.681000000000004,0.046905,4.595,25.92,156.162,14.332,0,-21.508000000000003,0.13888440000000002,0.0806562,92.9149323,-19.735,Field,108,3
109,4,160.94299999999998,55.795,0.026716000000000004,4.183,25.096,137.747,14.412,0,-20.203,0.0619203,0.040767000000000005,48.4022675,-19.894000000000002,Field,109,3
110,4,161.963,30.659000000000002,0.035172,5.572,25.666,287.327,14.24,0,-21.011,0.0920247,0.029046100000000002,84.71181490000001,-20.791999999999998,Loose,110,4
111,5,162.30700000000002,29.855999999999998,0.032533,6.732,25.978,47.751000000000005,13.81,0,-21.205,0.1215078,0.23076950000000002,94.7302551,-20.026,Field,111,1
112,4,162.523,0.33,0.04088,4.109,24.7,437.00199999999995,13.455,0,-22.054000000000002,0.0731032,0.015170900000000001,72.51248170000001,-20.608,Loose,112,4
113,5,162.866,3.65,0.043081,3.995,25.186999999999998,189.222,14.36,0,-21.309,0.043012199999999993,0.0206148,74.26001740000001,-20.387999999999998,Loose,113,3
114,5,162.969,50.934,0.025639,11.220999999999998,26.151,527.63,13.140999999999998,0,-21.354,0.1463139,0.0251487,124.6267853,-20.604,Loose,114,4
115,4,164.292,5.079,0.057789,4.101,25.941,297.49,14.735,0,-21.549,0.1464429,0.0446431,101.8827744,-20.058,Field,115,4
116,4,164.637,1.3980000000000001,0.041937999999999996,3.54,24.788,425.45300000000003,14.065,0,-21.546999999999997,0.0985614,0.0210095,64.06818390000001,-20.465999999999998,Loose,116,4
117,4,164.81400000000002,5.242000000000001,0.036986,6.0360000000000005,25.868000000000002,378.26,13.725,0,-21.566,0.1374971,0.0329657,96.45571899999999,-19.725,Field,117,1
118,4,165.179,10.493,0.037613,7.2829999999999995,25.168000000000003,486.724,13.322000000000001,0,-22.055,0.1685933,0.0314136,118.346756,-21.665,Loose,118,4
119,5,165.325,9.287,0.037379,3.253,24.694000000000003,163.388,14.445,0,-20.899,0.0568456,0.031552699999999996,52.5284576,-20.11,Loose,119,5
120,4,165.544,37.968,0.029501,4.276,25.434,54.74100000000001,14.367,0,-20.434,0.074702,0.1237593,54.59950260000001,-19.989,Loose,120,2
121,4,166.21,4.294,0.026376,4.308,24.429000000000002,75.405,13.337,0,-21.215999999999998,0.0549769,0.066121,49.21857070000001,-20.317,Field,121,2
122,4,166.545,9.066,0.07546900000000001,2.4730000000000003,24.705,187.532,14.661,0,-22.320999999999998,0.09247689999999999,0.0447214,79.88795470000001,-20.895,Loose,122,2
123,4,166.705,14.225,0.046457,2.762,24.264,555.866,14.027000000000001,0,-21.8,0.0796168,0.012989500000000001,55.313663500000004,-20.462,Field,123,2
124,5,167.03599999999997,55.903,0.050675,4.563,25.735,222.015,14.375,0,-21.679000000000002,0.1135069,0.0463659,99.59609990000001,-20.573,FIl,124,3
125,4,167.105,31.980999999999998,0.048668,4.79,25.526999999999997,194.68099999999998,14.450999999999999,0,-21.47,0.1084905,0.050539099999999997,100.43783570000001,-21.105999999999998,Field,125,4
126,5,167.291,26.634,0.038627999999999996,7.252999999999999,26.125,130.94299999999998,13.841,0,-21.576999999999998,0.1479615,0.1024771,121.0089722,-20.866,Loose,126,3
127,4,167.47099999999998,21.961,0.033897000000000004,5.002,25.5,324.508,14.31,0,-20.730999999999998,0.0903371,0.025246400000000002,73.31288909999999,-20.493000000000002,Field,127,4
128,4,167.50799999999998,36.979,0.030704000000000002,4.7410000000000005,24.699,193.058,13.863,0,-21.066999999999997,0.0966987,0.0454248,62.987663299999994,-20.64,Field,128,3
129,4,167.78099999999998,39.608000000000004,0.079121,2.503,24.39,406.171,14.354000000000001,0,-22.721999999999998,0.10419669999999999,0.023265099999999997,84.6882172,-21.968000000000004,FIl,129,4
130,4,167.81799999999998,3.943,0.053775,3.509,25.229,318.944,14.327,0,-21.836,0.099924,0.0284128,81.207634,-20.569000000000003,Loose,130,3
131,4,168.023,27.579,0.035825,1.5919999999999999,22.358,432.99300000000005,13.138,0,-22.12,0.0371168,0.0077741,24.6534462,-20.454,Loose,131,4
132,4,168.044,35.454,0.02528,4.621,24.614,204.225,12.985,0,-21.518,0.054921199999999996,0.024388800000000002,50.6129494,-19.564,VoiS,132,2
133,4,168.171,23.27,0.02373,4.644,24.809,365.694,13.642999999999999,0,-20.653000000000002,0.06998,0.0173547,47.7661629,-20.027,VoiS,133,3
134,4,168.34799999999998,2.552,0.07919,1.426,23.319000000000003,691.98,14.703,0,-22.372,0.05904790000000001,0.0077387,48.291141499999995,-22.13,Node,134,4
135,4,168.36700000000002,59.928000000000004,0.036492000000000004,2.66,24.52,122.07,14.502,0,-20.785,0.0553986,0.041157400000000004,41.9528847,-20.22,VoiR,135,2
136,4,168.481,39.421,0.076536,2.505,24.857,366.093,14.599,0,-22.385,0.09931489999999998,0.0246027,82.0543671,-20.64,Loose,136,3
137,5,168.75,4.098,0.040665,3.266,24.572,374.481,13.925999999999998,0,-21.608,0.0557754,0.013507399999999998,57.3363686,-20.191,Loose,137,5
138,5,170.227,0.462,0.025555,9.03,26.035,52.071000000000005,13.856,0,-20.616999999999997,0.1061671,0.184907,99.9695435,-20.465,Field,138,1
139,6,170.59099999999998,24.309,0.026189999999999998,4.067,23.816,228.615,13.16,0,-21.383000000000003,0.0626631,0.024858099999999998,46.1335716,-20.918000000000003,VoiS,139,6
140,6,170.643,59.297,0.050747,2.391,24.695999999999998,238.90900000000002,14.669,0,-21.428,0.0873405,0.0331545,52.2448387,-19.472,Field,140,4
141,4,170.778,56.191,0.067374,2.238,24.275,138.851,14.752,0,-21.965,0.0762505,0.0498026,64.6793747,-21.182,Loose,141,4
142,4,171.049,37.978,0.036431,4.868,25.628,86.306,14.017000000000001,0,-21.27,0.1102867,0.11588910000000001,76.6322556,-19.79,Loose,142,3
143,5,171.11900000000003,55.957,0.053551999999999995,7.66,26.155,274.22700000000003,14.052999999999999,0,-22.103,0.261626,0.0865227,176.55545039999998,-21.677,FIl,143,4
144,6,171.33900000000003,32.292,0.045048000000000005,6.598,25.796,172.926,14.314,0,-21.451999999999998,0.1436955,0.0753602,128.1713409,-21.19,Field,144,2
145,4,171.6,52.15,0.034295,5.3389999999999995,25.19,109.79899999999999,13.251,0,-21.894000000000002,0.12774080000000002,0.10550919999999998,79.1608047,-19.924,Loose,145,3
146,5,171.63,54.786,0.047431,1.632,23.697,103.91799999999999,14.732000000000001,0,-21.162,0.0414881,0.036206800000000004,33.3720284,-19.774,Field,146,2
147,4,171.926,36.079,0.035423,4.084,24.654,68.082,13.6,0,-21.628,0.09985369999999999,0.1330125,62.530265799999995,-20.846,Field,147,3
148,4,172.83900000000003,56.461000000000006,0.060904,2.61,24.747,319.877,14.414000000000001,0,-22.065,0.0891477,0.0252747,68.2909622,-20.098,Node,148,2
149,5,173.166,52.94,0.027669,2.1,23.247,107.215,14.102,0,-20.590999999999998,0.022839099999999998,0.019319,25.1647358,-20.307000000000002,Field,149,3
150,4,173.34,34.291,0.029352,4.62,24.899,661.627,13.911,0,-20.927,0.0620887,0.0085106,58.6967468,-20.768,Field,150,3
151,4,173.642,18.393,0.084869,4.534,25.904,268.969,14.419,0,-22.796,0.1930595,0.065095,164.3490601,-21.427,Field,151,3
152,4,173.655,48.96,0.031594,3.0780000000000003,24.305,828.015,13.967,0,-21.041999999999998,0.0635604,0.0069616,42.0740318,-20.365,Loose,152,3
153,4,173.69299999999998,22.493000000000002,0.067742,3.792,25.49,553.0419999999999,14.341,0,-22.34,0.11631989999999999,0.019074599999999997,110.1761932,-20.494,Loose,153,3
154,4,173.797,51.201,0.027367000000000002,4.761,24.546999999999997,324.795,12.985999999999999,0,-21.676,0.060677699999999994,0.016942500000000003,56.4165115,-20.217,Loose,154,4
155,4,173.99,55.068000000000005,0.056413,1.902,23.44,626.46,13.957,0,-22.378,0.077805,0.011263500000000001,46.140888200000006,-21.335,Node,155,4
156,8,174.269,19.962,0.021965000000000002,8.015,25.715,158.563,13.963,0,-20.18,0.08286639999999999,0.0473955,76.32553100000001,-20.159000000000002,Loose,156,3
157,4,174.27700000000002,2.82,0.03048,3.115,24.932,59.306999999999995,14.405999999999999,0,-20.482,0.0593062,0.0906892,41.0860252,-19.555999999999997,Field,157,1
158,4,174.49099999999999,11.220999999999998,0.036779,5.827000000000001,26.1,33.614000000000004,14.147,0,-21.162,0.14291479999999998,0.3855856,92.607811,-19.663,Field,158,0
159,6,174.514,47.428000000000004,0.034376,6.6610000000000005,25.273000000000003,162.066,13.568,0,-21.57,0.12642989999999998,0.07074860000000001,98.9942245,-21.135,Field,159,4
160,5,174.62099999999998,20.479,0.026806,6.7989999999999995,25.473000000000003,308.228,13.251,0,-21.345,0.061288699999999995,0.018033,78.9337692,-19.877,Field,160,3
161,6,174.804,26.351,0.023938,10.118,26.198,282.21,13.556,0,-20.73,0.13755279999999998,0.0442034,104.9629898,-20.574,Loose,161,4
162,5,175.545,10.315,0.021637,8.822000000000001,24.615,164.533,12.526,0,-21.704,0.0972502,0.053604,82.76782990000001,-21.51,Field,162,3
163,4,175.773,59.56399999999999,0.064985,1.725,23.861,251.082,14.54,0,-22.081,0.0688622,0.024872799999999997,48.10028079999999,-20.735,Node,163,3
164,6,175.86700000000002,-1.6440000000000001,0.0454,5.472,25.365,367.717,13.546,0,-22.26,0.1404885,0.0346486,107.1335983,-20.344,Field,164,4
165,4,176.028,33.513000000000005,0.032536,3.775,23.918000000000003,111.521,12.805,0,-22.234,0.0726424,0.0590735,53.1175346,-20.428,Node,165,3
166,4,176.11900000000003,20.094,0.025172999999999997,2.294,23.399,307.74,13.645999999999999,0,-20.655,0.037982,0.0111932,25.019706699999997,-19.91,Loose,166,3
167,4,176.12900000000002,33.336,0.032568,6.079,25.34,238.602,13.388,0,-21.604,0.1006046,0.0382386,85.6381989,-20.518,Node,167,2
168,4,176.524,20.419,0.024812999999999998,4.471,24.07,180.67,12.544,0,-21.822,0.0609778,0.0306086,48.0709648,-20.254,FIl,168,3
169,4,176.625,35.745,0.036815,4.897,25.649,24.816,14.495,0,-20.82,0.0844416,0.3085969,77.8975296,-20.051,Field,169,1
170,4,176.86,52.453,0.048577999999999996,4.687,25.719,172.766,14.68,0,-21.269000000000002,0.1223795,0.0642406,98.11088559999999,-21.266,Field,170,1
172,4,178.90099999999998,54.89,0.052252999999999994,3.155,24.569000000000003,371.348,14.093,0,-22.011,0.0953079,0.023275999999999998,70.98448940000002,-21.2,FIl,172,4
173,4,179.044,60.474,0.03318,7.849,25.287,140.39,12.524000000000001,0,-22.581,0.14860810000000002,0.095999,112.62784579999999,-20.825,Field,173,2
175,4,179.247,1.119,0.040576,3.4610000000000003,25.271,67.93,14.567,0,-20.97,0.0815347,0.10885299999999999,60.6192245,-20.265,Field,175,1
176,7,179.65,28.362,0.029104,11.423,26.301,233.44299999999998,13.57,0,-21.215,0.1760368,0.0683883,143.9089508,-20.898000000000003,Field,176,7
177,4,179.886,55.528999999999996,0.080874,5.532,26.068,226.38,14.043,0,-23.096999999999998,0.2067938,0.0828437,191.2712555,-21.296999999999997,FIl,177,4
178,4,180.34400000000002,53.478,0.051351999999999995,4.088,25.364,170.794,14.152000000000001,0,-21.893,0.09229839999999999,0.0490094,90.4058075,-20.467,Field,178,4
179,4,181.02200000000002,2.434,0.084138,2.818,24.82,422.43800000000005,14.422,0,-22.840999999999998,0.1623447,0.034852600000000004,101.2951584,-21.256999999999998,Loose,179,4
180,4,181.41099999999997,31.043000000000003,0.024416,5.263,25.868000000000002,280.464,14.465,0,-19.908,0.0689919,0.022309,55.679969799999995,-19.699,Loose,180,1
182,4,182.24400000000003,29.241,0.01377,9.134,25.186999999999998,133.71200000000002,12.671,0,-20.433,0.05972519999999999,0.0405087,54.623321499999996,-20.151,Field,182,2
183,4,182.58599999999998,5.37,0.076701,2.667,24.448,343.468,14.050999999999998,0,-22.968000000000004,0.0927712,0.0244955,87.5469437,-21.136999999999997,Node,183,3
184,4,182.657,17.875999999999998,0.024574000000000002,2.4819999999999998,23.95,288.12,13.985,0,-20.459,0.0313368,0.0098637,26.4315147,-19.878,Loose,184,0
185,4,182.737,30.868000000000002,0.07521699999999999,1.5730000000000002,23.854,307.784,14.719000000000001,0,-22.224,0.07513969999999999,0.022140299999999998,50.648734999999995,-20.644000000000002,Loose,185,3
186,8,183.195,66.69800000000001,0.058838999999999995,5.689,26.105,408.95300000000003,14.76,0,-21.634,0.10715519999999999,0.023762900000000003,143.868042,-20.712,Loose,186,3
188,4,183.322,21.666,0.025782999999999997,3.8,24.215999999999998,235.722,13.05,0,-21.423000000000002,0.057683000000000005,0.0221926,42.4381523,-19.489,Loose,188,3
189,5,183.548,13.552,0.044015,4.808,25.648000000000003,153.07,14.164000000000001,0,-21.555999999999997,0.049106300000000006,0.029094099999999998,91.2876663,-20.184,Field,189,2
190,5,183.85299999999998,59.975,0.060234,2.123,24.0,159.268,14.555,0,-21.896,0.0571298,0.0325306,54.9516144,-21.131999999999998,Loose,190,5
191,6,184.243,44.098,0.067537,5.246,26.18,179.676,14.609000000000002,0,-22.039,0.1260474,0.0636213,151.9760437,-21.053,Field,191,4
192,4,184.295,41.358000000000004,0.047412,4.298,25.383000000000003,190.861,13.845,0,-22.033,0.11021130000000001,0.0523683,87.8210373,-19.711,VoiR,192,2
193,4,184.48,21.914,0.052114,1.775,23.951999999999998,220.046,14.638,0,-21.475,0.060409199999999996,0.0248971,39.820384999999995,-20.449,VoiR,193,3
194,4,184.63400000000001,48.863,0.04558,3.32,24.752,148.154,13.994000000000002,0,-21.814,0.07834930000000001,0.04796,65.2523499,-20.197,Loose,194,3
195,6,184.653,40.438,0.06854,3.705,25.653000000000002,233.665,14.534,0,-22.164,0.1329075,0.0515841,108.90261840000001,-19.688,VoiS,195,4
196,4,184.921,12.42,0.060217999999999994,3.3930000000000002,24.607,229.541,13.832,0,-22.63,0.1099373,0.0434355,87.80300140000001,-20.889,Loose,196,3
197,4,185.06900000000002,56.138999999999996,0.034567,5.052,25.750999999999998,100.039,14.13,0,-21.028000000000002,0.10745299999999999,0.0974108,75.4918823,-20.011,VoiR,197,2
198,4,185.50900000000001,26.363000000000003,0.051266,5.727,25.987,141.839,14.074000000000002,0,-21.965,0.1588615,0.101574,126.4191666,-20.855999999999998,Field,198,3
199,4,185.588,28.81,0.064957,2.735,24.699,283.41700000000003,14.539000000000001,0,-22.119,0.12356889999999998,0.0395406,76.2371445,-21.588,Loose,199,3
200,5,185.903,58.403,0.015616,10.39,25.195,100.264,12.110999999999999,0,-21.314,0.07206169999999999,0.0651804,70.43669129999999,-20.343,Field,200,5
202,4,186.627,9.071,0.026097000000000002,6.252999999999999,24.54,154.282,13.011,0,-21.541999999999998,0.0831123,0.0488551,70.68862920000001,-21.37,Loose,202,4
203,4,186.71400000000003,31.092,0.061866,2.6239999999999997,24.846999999999998,272.2,14.398,0,-22.055,0.06983560000000001,0.0232674,69.7343063,-19.730999999999998,Node,203,1
204,4,187.15400000000002,53.635,0.036935,4.998,25.404,239.405,13.62,0,-21.694000000000003,0.10589389999999999,0.04011409999999999,79.7693939,-19.632,VoiR,204,2
206,4,187.733,51.349,0.044653,1.8230000000000002,23.465,355.24300000000005,14.305,0,-21.443,0.039102099999999994,0.0099824,35.0995979,-20.925,Loose,206,2
207,4,188.74200000000002,50.846000000000004,0.040545,5.681,25.451,90.714,13.53,0,-21.982,0.0994353,0.099409,99.43418879999999,-20.898000000000003,Loose,207,3
208,5,188.783,47.297,0.031582,5.546,26.254,80.477,14.442,0,-20.526,0.07737589999999998,0.08719489999999999,75.776413,-18.998,Field,208,2
209,4,188.907,35.359,0.061766999999999996,3.463,25.429000000000002,69.389,14.630999999999998,0,-21.864,0.1305714,0.1706529,91.8669968,-20.46,Loose,209,4
210,5,189.03900000000002,16.645,0.079946,0.754,21.928,739.3889999999999,14.415,0,-22.683000000000003,0.0300941,0.0036912,25.786438,-20.808000000000003,Loose,210,5
211,4,189.114,48.535,0.039934,3.9960000000000004,24.888,327.976,13.902000000000001,0,-21.596999999999998,0.09438139999999999,0.0260978,68.9064407,-20.998,Field,211,3
212,5,189.47400000000002,15.204,0.071934,2.804,24.725,461.371,14.309000000000001,0,-22.564,0.058470400000000006,0.0114933,86.4113159,-20.671,Node,212,5
213,4,189.859,17.202,0.071863,2.0869999999999997,24.408,816.8560000000001,14.55,0,-22.276999999999997,0.10166,0.0112866,64.2546234,-20.651999999999997,FIl,213,4
214,4,190.688,48.58,0.040195999999999996,5.675,25.939,108.575,14.392999999999999,0,-21.105999999999998,0.1339675,0.11189980000000001,98.4834137,-20.979,VoiR,214,2
215,4,191.03900000000002,9.042,0.048025,4.811,26.045,246.19099999999997,14.561,0,-21.386999999999997,0.1267241,0.04668169999999999,99.57790370000001,-20.636,Field,215,1
216,4,191.322,1.818,0.04895,2.71,24.086,159.954,13.588,0,-22.357,0.06931419999999999,0.0392995,57.150177,-20.109,Loose,216,4
217,4,191.669,9.849,0.025241,8.025,26.141,100.70299999999999,13.716,0,-20.712,0.10256289999999998,0.0923648,87.75799559999999,-20.424,Loose,217,4
218,4,193.188,45.756,0.062739,3.293,25.456,203.317,14.737,0,-21.791999999999998,0.10430460000000001,0.046525199999999996,88.72726440000001,-20.671999999999997,Loose,218,4
220,5,194.21,30.717,0.025398,9.077,26.193,331.20099999999996,13.497,0,-20.949,0.0775515,0.0212353,99.87018590000001,-20.608,Field,220,3
221,4,194.373,27.489,0.025329,2.97,23.018,449.754,12.443,0,-22.026,0.0580438,0.0117042,32.5945511,-20.574,FIl,221,4
222,4,194.715,27.8,0.020191,1.78,23.096,459.338,13.919,0,-20.092,0.0236864,0.0046766,15.5864429,-19.417,Loose,222,4
223,4,194.792,27.774,0.022883,1.479,22.511999999999997,416.17400000000004,13.912,0,-20.465999999999998,0.022787599999999998,0.0049657,14.666727999999999,-19.912,Node,223,4
224,4,195.324,27.862,0.019767,6.481,24.798000000000002,258.524,12.690999999999999,0,-21.151,0.0926331,0.0324956,55.5715637,-20.399,Loose,224,4
225,4,195.49200000000002,27.625999999999998,0.025814,5.073,24.473000000000003,703.7080000000001,12.74,0,-21.878,0.06485830000000001,0.008358599999999999,56.732872,-20.08,Field,225,3
226,4,195.88099999999997,47.417,0.024972,8.366,26.304000000000002,150.393,13.589,0,-20.862,0.1225202,0.073882,90.5138168,-19.926,Field,226,2
227,4,197.09799999999998,4.371,0.025167,4.912,26.206,38.828,14.640999999999998,0,-19.820999999999998,0.0536995,0.1254267,53.5559464,-18.882,Field,227,0
228,4,197.107,15.707,0.08407,1.744,24.002,340.95300000000003,14.675999999999998,0,-22.573,0.09520269999999999,0.025322900000000002,62.618904099999995,-21.08,Node,228,4
229,4,197.699,34.64,0.037737,5.596,25.826999999999998,174.225,14.095999999999998,0,-21.261999999999997,0.13545279999999998,0.0705078,91.2349548,-20.315,FIl,229,4
230,5,197.705,56.631,0.081414,2.3040000000000003,24.374000000000002,419.44599999999997,14.475,0,-22.660999999999998,0.0914459,0.019771900000000002,80.2009506,-21.340999999999998,VoiR,230,4
231,4,198.106,11.708,0.031976,4.636,24.947,254.8,13.34,0,-21.656999999999996,0.079463,0.0282829,64.1216125,-19.69,Field,231,3
232,5,199.393,41.277,0.067175,2.565,24.686,383.944,14.59,0,-22.087,0.09837919999999999,0.0232378,73.9053345,-20.93,Node,232,3
233,4,199.63099999999997,7.9670000000000005,0.04504,4.711,25.529,208.46599999999998,13.962,0,-21.822,0.11336480000000002,0.049317599999999996,91.5146103,-20.467,Field,233,3
234,5,199.704,30.825,0.032295,7.031000000000001,25.75,249.94,14.037,0,-21.045,0.1367938,0.0496352,98.21326450000001,-20.863000000000003,Field,234,5
235,4,199.72299999999998,43.244,0.052744000000000006,3.0239999999999996,24.801,107.295,14.616,0,-21.493000000000002,0.109626,0.09266060000000001,68.6519165,-21.432,Field,235,2
236,4,201.18099999999998,52.99100000000001,0.030645,6.678,25.785,34.888000000000005,13.509,0,-21.389,0.1229296,0.31955100000000003,88.5512238,-19.686,Field,236,3
237,6,201.97099999999998,34.334,0.035065,5.502000000000001,25.36,315.008,14.087,0,-21.096,0.0820562,0.0236237,83.40158079999999,-20.816999999999997,Loose,237,5
238,4,202.976,-2.872,0.086832,1.186,23.375999999999998,394.931,14.684000000000001,0,-22.628,0.0723408,0.016612000000000002,43.9565697,-20.744,Field,238,4
239,4,202.982,44.101000000000006,0.035117,6.388,26.063000000000002,168.74900000000002,14.068,0,-21.13,0.1241835,0.0667392,96.9606171,-20.043,Field,239,1
240,4,203.49599999999998,3.3169999999999997,0.022982,4.599,24.241,317.606,12.702,0,-21.559,0.06388060000000001,0.0182406,45.8172646,-20.115,Field,240,4
241,6,203.773,13.776,0.02412,17.546,26.269000000000002,220.2,12.682,0,-21.668000000000003,0.19388970000000003,0.0798539,183.4031372,-21.629,Loose,241,3
242,5,203.938,13.368,0.043328,6.317,25.566,124.618,14.130999999999998,0,-21.568,0.1846705,0.1343933,118.0859146,-21.293000000000003,Field,242,2
243,4,203.959,47.435,0.062545,2.329,24.045,566.4209999999999,14.376,0,-22.139,0.06908869999999999,0.0110618,62.5542793,-21.345,Node,243,4
244,6,204.02200000000002,59.218,0.071768,2.885,24.164,361.686,13.915999999999999,0,-22.918000000000003,0.11753,0.0294697,88.7091751,-21.926,Node,244,6
245,4,204.05700000000002,42.012,0.062439,4.63,26.046,277.38599999999997,14.339,0,-22.179000000000002,0.1787704,0.0584481,124.15002439999999,-19.662,Field,245,4
246,4,204.18900000000002,24.998,0.075517,2.9610000000000003,24.83,344.681,14.232999999999999,0,-22.729,0.11510739999999998,0.030286200000000003,95.71897890000001,-21.24,Loose,246,3
247,4,204.32299999999998,55.714,0.064669,5.396,26.267,311.062,14.329,0,-22.283,0.1608711,0.0469019,149.7723541,-20.49,Field,247,3
248,4,204.62900000000002,26.749000000000002,0.030036,4.76,24.994,268.092,13.427,0,-21.366999999999997,0.07439789999999999,0.0251673,61.875511200000005,-20.194000000000003,Loose,248,4
249,5,204.68200000000002,57.283,0.069319,3.852,25.173000000000002,572.244,14.4,0,-22.368000000000002,0.0506143,0.0080214,114.4760132,-21.276999999999997,Field,249,4
250,4,204.938,30.054000000000002,0.034964,8.488,26.226999999999997,152.901,14.011,0,-21.197,0.1607875,0.0953677,128.2863922,-20.978,Field,250,3
251,4,204.94400000000002,27.383000000000003,0.035857,4.2780000000000005,26.046,196.782,14.529000000000002,0,-20.718000000000004,0.11131019999999998,0.051299000000000004,66.2887421,-18.405,Field,251,1
252,4,205.106,5.056,0.02399,5.297000000000001,25.526999999999997,132.414,13.786,0,-20.573,0.08344249999999999,0.05714930000000001,55.075012199999996,-19.471,Loose,252,3
253,4,205.187,25.953000000000003,0.029679,6.752000000000001,25.995,524.052,13.722999999999999,0,-21.092,0.08683350000000001,0.015027,86.725029,-20.019000000000002,Loose,253,3
254,4,205.278,30.37,0.041048,3.8760000000000003,24.924,102.79799999999999,13.868,0,-21.709,0.0744385,0.06567100000000001,68.6873703,-20.402,Loose,254,0
255,6,205.301,52.093999999999994,0.060489,6.369,26.233,317.589,14.322000000000001,0,-22.136,0.1585879,0.045285900000000004,165.5158997,-21.54,Field,255,3
256,4,205.743,49.058,0.06331,3.4389999999999996,25.331999999999997,124.785,14.369000000000002,0,-22.18,0.0934866,0.0679433,93.48226170000001,-20.225,Field,256,2
257,4,206.092,20.362000000000002,0.027776,5.836,25.522,67.97800000000001,13.774000000000001,0,-20.898000000000003,0.08627539999999999,0.11510039999999999,70.19060520000001,-20.413,Field,257,3
258,4,206.16299999999998,37.187,0.027252,4.768,25.269000000000002,25.793000000000003,14.054,0,-20.578000000000003,0.0856587,0.3011775,56.267368299999994,-20.275,VoiS,258,1
259,4,206.362,56.637,0.035441,8.151,26.225,125.28299999999999,13.321,0,-21.897,0.1331393,0.0963768,124.86104579999999,-19.449,Loose,259,2
260,4,206.574,17.959,0.027663999999999998,5.257999999999999,26.276999999999997,171.7,14.386,0,-20.276,0.0995197,0.05256519999999999,62.9856606,-18.293,Field,260,1
261,5,206.696,22.733,0.028356,8.265,26.151999999999997,349.837,13.754000000000001,0,-20.965999999999998,0.0794564,0.020597900000000002,101.46588129999999,-19.867,Field,261,4
262,5,207.73,2.323,0.033984,4.618,25.184,224.199,14.192,0,-20.892,0.061521400000000004,0.0248858,67.8595886,-20.871,Loose,262,1
263,5,208.042,2.404,0.024630000000000003,9.457,25.496,180.602,12.435,0,-21.97,0.09736460000000001,0.048892000000000005,100.93173979999999,-20.105999999999998,Loose,263,4
264,4,208.233,24.535,0.056787,4.249,25.961,419.47,14.575,0,-21.761,0.14632509999999999,0.0316357,103.7702408,-19.838,FIl,264,2
265,4,208.678,21.816999999999997,0.028546,7.579,25.862,40.09,13.517000000000001,0,-21.215,0.09635880000000001,0.2179786,93.66064449999999,-20.566999999999997,FIl,265,2
266,5,209.024,24.638,0.064776,4.746,25.854,375.86300000000006,14.539000000000001,0,-22.035999999999998,0.14910479999999998,0.0359767,131.9453125,-21.128,FIl,266,5
267,7,209.145,23.354,0.06706799999999999,2.798,24.761,192.267,14.607000000000001,0,-22.081999999999997,0.0950687,0.0448427,80.490921,-20.482,VoiS,267,4
268,4,209.19099999999997,23.253,0.063263,4.093,25.203000000000003,662.677,13.761,0,-22.824,0.153005,0.0209394,111.17140959999999,-20.159000000000002,Loose,268,4
269,5,209.533,21.685,0.066802,1.729,23.430999999999997,71.354,14.558,0,-22.133000000000003,0.06162619999999999,0.07832560000000001,49.5617485,-21.517,Node,269,4
270,4,209.553,18.336,0.06376699999999999,1.581,23.861,542.504,14.729000000000001,0,-21.831,0.063444,0.0106059,43.291397100000005,-20.487,Node,270,3
271,4,209.915,59.278999999999996,0.036352999999999996,6.114,25.826,196.298,13.762,0,-21.513,0.136696,0.0631539,96.04909520000001,-20.144000000000002,Field,271,3
272,6,210.139,-2.86,0.02534,6.131,24.38,321.932,12.455,0,-22.049,0.06401509999999999,0.0180334,67.3037949,-20.588,Field,272,6
273,4,210.44299999999998,38.684,0.019266,4.507,24.996,273.058,13.427,0,-20.498,0.0511698,0.0169949,37.6666031,-18.338,VoiS,273,4
274,4,210.551,45.563,0.065846,4.2860000000000005,26.179000000000002,173.485,14.645999999999999,0,-22.000999999999998,0.13182320000000003,0.06891110000000002,121.0874405,-19.605,Field,274,3
275,5,210.726,9.367,0.020819,6.44,24.221,182.52599999999998,12.629000000000001,0,-21.374000000000002,0.0787298,0.0391177,58.142540000000004,-21.36,VoiS,275,5
276,4,211.47099999999998,65.73899999999999,0.031397,5.855,25.223000000000003,99.773,13.366,0,-21.633000000000003,0.0806013,0.0732638,79.5246658,-20.363,Loose,276,4
278,5,211.747,0.851,0.049014999999999996,4.288,25.923000000000002,335.077,14.624,0,-21.311,0.1489479,0.0403134,90.5584641,-19.949,Loose,278,3
279,4,212.31900000000002,55.244,0.042587,5.086,25.954,113.29,14.309000000000001,0,-21.308000000000003,0.12176300000000001,0.0974726,93.4734344,-19.676,Loose,279,2
280,5,212.925,27.984,0.065911,2.8360000000000003,24.651,375.28,14.24,0,-22.369,0.0975948,0.0235847,80.20921329999999,-20.934,Node,280,4
281,4,213.581,2.965,0.026930000000000003,2.428,23.919,200.514,14.193,0,-20.417,0.0325497,0.014721799999999998,28.312021299999998,-19.901,Field,281,3
282,5,213.708,60.00899999999999,0.036843,5.506,24.98,345.042,13.472999999999999,0,-21.838,0.10250739999999998,0.0269428,87.6485672,-20.901999999999997,Loose,282,5
283,4,213.815,4.9239999999999995,0.057399,3.012,25.034000000000002,275.38,14.581,0,-21.718000000000004,0.11093789999999999,0.0365348,74.33646390000001,-20.761,FIl,283,2
284,5,214.794,45.9,0.027152999999999997,8.943999999999999,26.316999999999997,123.413,13.777999999999999,0,-20.804000000000002,0.1275969,0.0937645,105.17470549999999,-20.142,Field,284,2
285,4,214.794,7.063,0.02609,5.4270000000000005,25.378,152.121,13.939,0,-20.596,0.08806010000000002,0.0524989,61.3365822,-20.505,Field,285,2
286,5,214.85299999999998,35.108000000000004,0.029013,4.618,24.581,33.523,13.231,0,-21.543000000000003,0.06005980000000001,0.1624814,57.99869920000001,-20.688000000000002,Field,286,2
287,4,215.179,5.46,0.028243,4.251,25.294,77.812,14.334000000000001,0,-20.372,0.0791852,0.0922906,51.9751854,-19.79,Field,287,0
288,4,215.679,40.367,0.018775,7.942,24.816,156.626,12.739,0,-21.057,0.0919108,0.0532184,64.6901398,-21.045,VoiS,288,3
289,4,216.25099999999998,27.823,0.038408,7.945,26.026,227.459,14.187999999999999,0,-21.214000000000002,0.1531501,0.06106230000000001,131.8005676,-21.186999999999998,Field,289,2
290,4,216.25900000000001,47.928000000000004,0.071575,3.955,25.857,145.899,14.738,0,-22.096999999999998,0.145534,0.09046280000000001,121.30561829999999,-20.691999999999997,FIl,290,3
291,4,216.863,11.322000000000001,0.027697000000000003,6.47,25.083000000000002,423.99699999999996,13.155,0,-21.49,0.1145443,0.0245002,77.59209440000001,-21.213,FIl,291,4
292,5,217.386,35.532,0.029162999999999998,8.477,25.934,127.11200000000001,13.752,0,-21.01,0.12556810000000002,0.08958830000000001,107.0081024,-20.955,Field,292,3
293,4,217.495,53.978,0.043147000000000005,3.383,24.669,319.579,13.68,0,-22.008000000000003,0.0784034,0.0222493,62.983211499999996,-19.837,Node,293,4
294,4,217.68400000000003,11.91,0.026815,9.302999999999999,25.443,412.265,12.352,0,-22.195,0.1538213,0.0338375,108.0413437,-20.5,FIl,294,3
295,4,217.97400000000002,16.804000000000002,0.048958999999999996,6.431,26.146,50.96,13.783,0,-22.185,0.20944279999999998,0.37272849999999996,135.6553345,-20.104,Field,295,2
296,4,218.485,40.16,0.026010000000000002,10.169,26.250999999999998,107.90100000000001,13.525,0,-20.995,0.2060382,0.173173,114.56845859999999,-20.59,VoiS,296,2
297,5,218.97099999999998,24.74,0.035455,3.741,24.29,240.012,13.293,0,-22.006999999999998,0.08607310000000001,0.0325233,57.3330345,-20.619,FIl,297,2
298,4,219.045,21.829,0.018276,4.284,24.311,215.653,12.966,0,-20.912,0.044509,0.018717599999999997,33.9755096,-19.247,VoiS,298,3
299,4,219.046,60.472,0.049598,3.042,24.429000000000002,182.44,14.137,0,-21.861,0.0990625,0.0492436,64.9949417,-21.406999999999996,Node,299,3
300,4,219.429,15.895,0.037663999999999996,6.854,26.133000000000003,59.56399999999999,14.347000000000001,0,-21.015,0.1270348,0.19341979999999998,111.51956940000001,-20.838,Field,300,1
301,4,219.595,23.381,0.031132999999999997,5.716,25.322,153.678,13.412,0,-21.513,0.08635570000000001,0.050961,76.99797059999999,-20.179000000000002,Field,301,4
302,4,219.68900000000002,56.027,0.043167000000000004,3.737,25.737,52.291000000000004,14.719000000000001,0,-20.948,0.0978691,0.1697381,69.600296,-19.308,Field,302,2
303,4,219.96200000000002,21.568,0.040575,4.855,25.608,73.03,14.327,0,-21.197,0.0930725,0.11557970000000001,85.0472183,-20.495,Field,303,3
304,4,220.445,9.407,0.029942,9.287,26.228,514.751,13.588,0,-21.166999999999998,0.16396429999999998,0.028887599999999996,120.34731289999999,-21.134,FIl,304,2
305,4,221.14700000000002,40.806,0.024848,5.065,25.959,136.42700000000002,14.283,0,-20.204,0.0545451,0.0362589,54.5359726,-18.928,VoiS,305,2
306,4,221.8,20.275,0.043863,4.287,25.83,210.335,14.727,0,-20.985,0.08254760000000001,0.035592,81.111351,-19.962,Field,306,4
307,7,221.959,19.046,0.042835000000000005,4.043,24.885,266.509,14.685,0,-21.005,0.0666776,0.022689599999999997,74.7320633,-20.936,FIl,307,4
308,5,222.525,0.5760000000000001,0.040531,4.827,25.538,132.954,14.280999999999999,0,-21.246,0.12080199999999999,0.0824007,84.45736690000001,-20.583000000000002,Field,308,2
309,4,223.075,-0.26,0.044137,4.184,25.165,171.805,14.217,0,-21.491999999999997,0.09874089999999999,0.05212180000000001,79.66240690000001,-21.267,Loose,309,2
310,4,223.234,16.697,0.044564,0.7879999999999999,21.608,433.027,14.193,0,-21.616999999999997,0.024812400000000002,0.005196500000000001,15.142953899999998,-21.035,Loose,310,2
311,5,223.407,3.008,0.028633999999999996,8.645,25.878,282.047,13.13,0,-21.612,0.14744820000000003,0.0474108,107.1673737,-20.209,Loose,311,4
312,6,223.44099999999997,0.038,0.044566,6.365,25.989,336.626,14.384,0,-21.235,0.0883628,0.023805700000000003,122.3385925,-20.741999999999997,Field,312,5
313,4,224.019,18.064,0.054238,4.23,25.778000000000002,296.176,14.415,0,-21.796999999999997,0.1023173,0.0313299,98.72695159999999,-20.201,Field,313,2
314,5,224.13299999999998,6.46,0.046646,3.9789999999999996,25.045,47.253,14.270999999999999,0,-21.584,0.1233155,0.2366729,80.01018520000001,-21.208000000000002,Loose,314,4
315,4,224.514,1.511,0.044152,5.204,26.024,328.416,14.418,0,-21.275,0.1034896,0.028577999999999996,99.09961700000001,-20.459,Loose,315,3
316,4,224.87099999999998,16.628,0.034076,10.219,26.182,97.065,12.847999999999999,0,-22.281999999999996,0.1535632,0.14347739999999998,150.55784609999998,-20.537,Field,316,3
317,4,225.235,8.589,0.056083,3.145,25.135,343.217,14.321,0,-21.954,0.0945405,0.024980900000000004,75.8532562,-19.961,Field,317,3
318,5,225.753,-2.552,0.040401,3.6180000000000003,25.451,126.947,14.597000000000001,0,-20.936999999999998,0.0721253,0.051525800000000004,63.1143608,-19.327,Field,318,0
319,5,226.143,17.715999999999998,0.038725,5.778,25.647,104.685,14.194,0,-21.221,0.0707529,0.0612942,96.6438217,-20.81,VoiS,319,3
321,4,226.519,3.682,0.036453,5.019,24.802,217.05,13.815,0,-21.495,0.093274,0.0389726,79.0560074,-21.485,Field,321,2
322,4,226.567,46.351000000000006,0.037043,4.427,25.694000000000003,110.27,14.258,0,-21.045,0.0941068,0.07739650000000001,70.8595123,-19.88,Field,322,3
323,4,226.618,9.662,0.044968,4.093999999999999,25.19,182.747,14.087,0,-21.665,0.1251516,0.0621076,79.39587399999999,-20.979,Loose,323,4
324,4,226.687,3.8169999999999997,0.036759,5.402,25.651,574.35,14.159,0,-21.076999999999998,0.1394278,0.022015700000000003,85.7960968,-20.695,Field,324,3
325,5,226.922,14.651,0.045077,3.464,24.773000000000003,195.18099999999998,14.575,0,-21.180999999999997,0.07748,0.036000800000000006,67.3372345,-20.511999999999997,Loose,325,5
326,5,227.364,7.55,0.078681,1.525,23.524,548.27,14.432,0,-22.6,0.062183100000000005,0.0102858,51.318580600000004,-20.913,Node,326,4
327,4,227.463,1.374,0.028754000000000002,5.59,25.877,98.991,14.386,0,-20.38,0.08634860000000001,0.07910750000000001,69.58432009999999,-19.605999999999998,Field,327,2
329,5,227.84599999999998,11.355,0.046348,5.289,25.789,231.91,14.360999999999999,0,-21.478,0.1615354,0.0631695,105.6747742,-20.929000000000002,Field,329,3
330,4,228.922,8.314,0.03482,3.407,24.893,123.036,14.110999999999999,0,-21.05,0.0790498,0.0582679,51.2888031,-19.766,Loose,330,2
331,4,229.07,6.779,0.03443,3.0380000000000003,24.726999999999997,352.467,14.385,0,-20.799,0.0721971,0.0185764,45.228282899999996,-19.882,FIl,331,4
332,4,229.62599999999998,58.391999999999996,0.059284,3.68,25.475,668.047,14.571,0,-21.823,0.11157830000000002,0.015147200000000001,93.77685550000001,-21.081999999999997,Field,332,4
333,4,229.86700000000002,20.889,0.040542,1.8219999999999998,22.476,199.188,13.026,0,-22.521,0.040757999999999996,0.0185571,31.887193699999997,-21.214000000000002,Node,333,4
334,4,230.08700000000002,3.477,0.037226999999999996,7.047000000000001,25.284000000000002,201.67700000000002,12.988,0,-22.36,0.1823072,0.0819798,113.34114840000002,-21.041,Loose,334,3
335,6,230.356,21.215999999999998,0.042026999999999995,7.782,25.879,428.014,13.805,0,-21.819000000000003,0.0764761,0.0162042,141.14872739999998,-20.815,FIl,335,6
336,4,230.72799999999998,7.346,0.076734,1.729,23.824,434.139,14.455,0,-22.565,0.08462589999999999,0.017678,56.78592679999999,-21.066,FIl,336,3
337,4,231.30900000000003,48.442,0.037448,3.842,24.9,313.45099999999996,14.103,0,-21.36,0.1024853,0.029651799999999996,62.1606331,-20.85,Loose,337,3
338,4,231.892,18.623,0.054783000000000005,6.166,26.204,534.701,13.993,0,-22.217,0.20555820000000002,0.0348645,145.32891850000001,-20.629,Loose,338,4
339,4,232.044,42.968,0.018449,4.675,24.304000000000002,286.978,13.217,0,-20.589000000000002,0.060029700000000005,0.018970400000000002,37.4209785,-20.265,VoiS,339,2
340,4,232.29,29.659000000000002,0.066387,2.577,24.351,495.736,14.277000000000001,0,-22.373,0.0876314,0.0160313,73.4080734,-21.326,Loose,340,3
341,4,232.36,7.577000000000001,0.043909,5.151,24.745,198.695,12.948,0,-22.775,0.1145903,0.05230219999999999,97.56238559999998,-21.414,Loose,341,4
342,6,232.614,-0.777,0.077818,4.934,25.910999999999998,610.5409999999999,14.565,0,-22.453000000000003,0.2283819,0.0339239,164.2572632,-21.531,Node,342,4
343,6,233.217,44.556999999999995,0.037592,8.998,26.229,179.69799999999998,13.988,0,-21.331,0.1276907,0.0644428,146.1233063,-20.941,Field,343,4
344,4,233.47400000000002,32.814,0.064399,2.875,24.87,216.581,14.352,0,-22.229,0.0870673,0.036458,79.4774551,-20.441,Field,344,1
345,5,233.938,3.361,0.044875,2.833,24.926,142.812,14.759,0,-21.0,0.0839654,0.05332050000000001,54.8334541,-19.993,Field,345,4
346,6,234.14700000000002,43.396,0.019269,18.13,26.081,182.00599999999997,12.317,0,-21.526999999999997,0.1258275,0.0626975,151.54710390000002,-20.935,VoiS,346,4
347,4,234.40200000000002,14.362,0.052537,3.804,25.427,185.783,14.338,0,-21.748,0.1213933,0.059258000000000005,86.0392532,-20.448,Field,347,3
348,4,235.158,-0.132,0.078575,3.674,25.844,177.951,14.669,0,-22.386,0.1810423,0.0922656,123.4931946,-20.101,Loose,348,0
349,4,235.511,48.507,0.038176,7.399,26.199,251.274,13.789000000000001,0,-21.608,0.1289049,0.0465244,122.0092545,-20.784000000000002,Loose,349,4
350,5,235.62599999999998,23.750999999999998,0.023802,10.061,25.744,178.21200000000002,13.113,0,-21.124000000000002,0.15669460000000002,0.07973989999999999,103.7809448,-20.573,VoiS,350,4
351,4,235.85299999999998,22.753,0.034652999999999996,4.9719999999999995,25.401999999999997,162.312,13.664000000000001,0,-21.506999999999998,0.0939637,0.052501099999999995,74.4788361,-19.637,Loose,351,4
352,4,235.93099999999998,4.239,0.042689,1.9,24.098000000000003,148.158,14.697000000000001,0,-20.949,0.0576383,0.0352815,35.004310600000004,-20.159000000000002,FIl,352,2
353,4,235.99099999999999,34.484,0.06786,2.2880000000000003,24.598000000000003,485.69,14.758,0,-22.011,0.07015260000000001,0.013099200000000002,66.57719420000001,-20.561999999999998,Node,353,3
354,4,236.13099999999997,25.348000000000003,0.032452999999999996,7.945,25.844,69.942,12.997,0,-22.018,0.1164237,0.1509606,111.52392579999999,-20.078,Field,354,4
355,5,237.577,27.234,0.0734,4.771,25.965999999999998,349.473,14.605,0,-22.291999999999998,0.0699029,0.018140200000000002,149.97541809999998,-21.337,FIl,355,5
356,5,237.638,26.785999999999998,0.072448,5.064,26.183000000000003,289.233,14.623,0,-22.241999999999997,0.2367346,0.0742289,157.17579650000002,-20.857,Node,356,3
357,4,238.668,39.764,0.032904,2.211,23.857,196.972,14.307,0,-20.768,0.040064999999999996,0.0184467,31.4659214,-20.491,Loose,357,4
358,6,239.15400000000002,41.915,0.035475,4.613,25.211,302.431,14.005,0,-21.179000000000002,0.0694132,0.0208149,70.7263184,-20.565,Field,358,1
359,6,239.16,46.368,0.040456,6.954,25.819000000000003,655.8539999999999,14.057,0,-21.455,0.1234875,0.017075599999999996,121.46366880000001,-20.714000000000002,Field,359,6
360,4,239.628,27.581,0.031444,6.825,25.991,198.072,13.722000000000001,0,-21.235,0.1041308,0.0476778,92.8493652,-20.141,FIl,360,4
361,6,239.924,31.795,0.055772,3.6,25.293000000000003,281.399,14.715,0,-21.531999999999996,0.0925293,0.0298205,86.36952209999998,-20.717,Loose,361,3
362,7,240.495,15.696,0.034746,5.412999999999999,25.090999999999998,332.676,13.783,0,-21.377,0.0915493,0.024957,81.3012314,-20.73,FIl,362,6
363,4,240.75599999999997,33.135,0.054689,3.128,24.605999999999998,301.002,14.165999999999999,0,-22.046999999999997,0.0943328,0.0284218,73.6049347,-21.555,Loose,363,1
365,4,241.356,17.942,0.039979,3.8310000000000004,24.428,240.916,13.477,0,-21.999000000000002,0.0916466,0.0344994,66.1290894,-20.928,FIl,365,3
366,4,241.459,27.206999999999997,0.031,4.0569999999999995,25.898000000000003,197.601,14.654000000000002,0,-20.255,0.0605596,0.0277941,54.4136543,-18.456,FIl,366,2
367,4,241.518,33.419000000000004,0.060020000000000004,2.3480000000000003,24.896,219.453,14.642000000000001,0,-21.767,0.0648968,0.026818900000000003,60.5604706,-19.178,Node,367,3
368,4,241.578,18.182000000000002,0.039625,1.8769999999999998,23.862,153.745,14.247,0,-21.230999999999998,0.035468400000000004,0.020921900000000004,32.1166534,-19.803,Node,368,1
369,4,241.808,18.652,0.03853,5.16,25.46,124.475,13.832,0,-21.608,0.09019869999999999,0.0657171,85.86509699999999,-20.289,FIl,369,3
370,6,241.96599999999998,38.975,0.0382,6.662999999999999,25.73,344.918,13.727,0,-21.69,0.10286010000000001,0.0270452,109.9400253,-20.349,Loose,370,6
371,4,242.732,52.453,0.06374500000000001,2.571,24.035,631.494,13.609000000000002,0,-22.945999999999998,0.10400319999999999,0.014936099999999999,70.3716965,-20.647,Loose,371,4
372,4,243.084,28.476999999999997,0.053350999999999996,6.736000000000001,26.212,21.381999999999998,14.194,0,-21.961,0.20222920000000003,0.8577403,154.685318,-21.574,Field,372,2
373,4,243.21,33.035,0.031620999999999996,4.32,24.713,108.249,13.517999999999999,0,-21.489,0.09494,0.0795395,59.0917244,-20.56,FIl,373,3
374,4,243.21900000000002,11.120999999999999,0.041943,4.795,25.1,403.20099999999996,13.605,0,-22.043000000000003,0.08805489999999999,0.0198058,86.7908859,-20.866,Field,374,4
375,5,243.231,30.753,0.049687,3.322,25.226,479.845,14.418,0,-21.574,0.0630775,0.0119215,71.1134338,-20.002,FIl,375,4
376,4,243.408,51.443000000000005,0.050450999999999996,4.194,25.603,177.549,14.659,0,-21.357,0.0986201,0.050374,91.12490079999999,-21.021,Field,376,2
377,4,244.997,37.774,0.030775999999999998,7.89,25.764,492.005,13.48,0,-21.424,0.13224560000000002,0.0243765,105.07552340000002,-21.086,FIl,377,2
378,4,245.231,39.908,0.0305,5.7,26.125,633.339,14.517000000000001,0,-20.484,0.077303,0.011069299999999999,75.23486329999999,-19.719,FIl,378,1
379,4,245.25799999999998,21.326,0.032112,4.55,25.518,190.138,13.985,0,-21.011999999999997,0.0689774,0.0329,63.1972694,-19.347,Field,379,3
380,4,246.282,40.894,0.029051999999999998,6.577000000000001,24.682,230.115,12.324000000000002,0,-22.454,0.0835424,0.0329246,82.70627590000001,-20.936999999999998,FIl,380,2
381,4,246.456,43.963,0.031735,3.097,24.491,104.51299999999999,14.440999999999999,0,-20.525,0.0425247,0.036900199999999994,42.518150299999995,-20.424,Field,381,3
382,4,246.622,40.884,0.03025,4.38,25.750999999999998,367.06300000000005,14.137,0,-20.679000000000002,0.07162180000000001,0.017695500000000003,57.3420105,-18.090999999999998,Node,382,2
383,4,246.645,33.5,0.05149600000000001,2.812,25.22,148.584,14.675999999999998,0,-21.395,0.09960830000000001,0.0607971,62.355346700000005,-19.473,Field,383,2
384,4,246.852,14.11,0.050672,2.524,24.703000000000003,353.43300000000005,14.527000000000001,0,-21.476999999999997,0.09471389999999999,0.024303400000000003,55.0751801,-19.932000000000002,Node,384,3
385,5,247.199,25.548000000000002,0.040260000000000004,6.379,25.862,115.374,14.142999999999999,0,-21.366,0.16135560000000002,0.126834,110.87556459999999,-20.432000000000002,Loose,385,5
386,4,247.207,21.525,0.036962,5.657,25.798000000000002,255.787,13.757,0,-21.541,0.12420550000000001,0.044037400000000004,90.3513947,-19.718,Field,386,1
387,4,247.23,42.798,0.031434,3.867,25.162,188.743,14.06,0,-20.906999999999996,0.0618303,0.029709199999999998,52.5884666,-19.771,FIl,387,2
388,4,247.66,26.051,0.04829,6.1739999999999995,26.113000000000003,375.381,14.308,0,-21.596999999999998,0.170503,0.041192599999999996,128.4703979,-21.35,Node,388,4
389,4,248.015,13.655999999999999,0.052644,1.571,23.241,609.382,13.919,0,-22.195999999999998,0.0399494,0.005945399999999999,35.5910034,-19.91,Node,389,4
390,4,248.392,39.236,0.030711000000000002,6.871,25.86,351.295,13.782,0,-21.198,0.1270525,0.032799699999999994,91.308403,-20.187,FIl,390,3
391,4,248.71200000000002,26.288,0.043863,2.2230000000000003,23.959,369.93300000000005,14.095999999999998,0,-21.631,0.051135,0.012535899999999999,42.063373600000006,-20.248,FIl,391,4
392,4,248.81900000000002,31.026999999999997,0.099173,5.635,26.283,271.437,14.33,0,-23.267,0.316301,0.10567950000000001,237.8528442,-21.863000000000003,Node,392,2
393,4,249.47299999999998,36.055,0.032117,7.614,25.094,204.356,12.699000000000002,0,-22.25,0.10846960000000001,0.0481372,105.77787020000001,-21.23,Field,393,4
394,4,251.171,38.915,0.038366000000000004,6.502999999999999,26.276,266.812,14.152000000000001,0,-21.308000000000003,0.11531989999999999,0.0391974,107.7712021,-20.118,Field,394,3
395,5,251.799,33.933,0.06702000000000001,1.5819999999999999,23.539,360.916,14.273,0,-22.412,0.0551288,0.013852600000000001,45.492588,-20.241,Loose,395,4
396,6,252.34400000000002,26.592,0.054711,3.318,24.733,479.616,14.228,0,-21.98,0.0880169,0.016643,78.1155167,-20.980999999999998,Node,396,6
397,5,253.055,23.351999999999997,0.035838,6.494,25.436,253.774,13.19,0,-22.057,0.15384389999999998,0.0549783,100.5855865,-20.147000000000002,Loose,397,3
398,4,253.543,39.792,0.033443,7.905,25.906,272.70099999999996,13.093,0,-22.013,0.1560789,0.051905999999999994,114.3194504,-20.143,Field,398,2
399,4,254.365,40.717,0.029994999999999997,4.975,24.651,256.493,13.722999999999999,0,-21.162,0.0749642,0.026505599999999997,64.5837097,-21.114,Field,399,4
400,4,255.021,37.804,0.063614,4.393,25.699,168.32299999999998,14.47,0,-22.076999999999998,0.1388937,0.0748341,119.9878006,-21.089000000000002,Loose,400,3
401,5,255.13400000000001,24.414,0.047888,4.053999999999999,25.62,84.27,14.583,0,-21.326,0.12367089999999999,0.13309210000000002,83.6598892,-20.128,Loose,401,2
402,6,255.22799999999998,39.571999999999996,0.034436,7.232,25.859,197.813,13.482999999999999,0,-21.66,0.11859860000000001,0.0543731,107.6678543,-20.08,Field,402,6
403,5,255.99599999999998,25.051,0.038237,3.677,24.287,168.845,13.52,0,-21.934,0.07772330000000001,0.0417467,60.737587,-21.033,Loose,403,5
404,4,256.052,38.869,0.034912,2.81,24.484,165.892,14.600999999999999,0,-20.572,0.056813,0.031058600000000002,42.4048805,-20.433,Loose,404,3
405,4,256.308,23.160999999999998,0.030892000000000003,6.55,25.781,143.95,13.72,0,-21.201999999999998,0.1473411,0.0928262,87.5547256,-20.082,Loose,405,2
406,6,256.452,22.275,0.04911,8.897,26.309,183.452,13.909,0,-22.076999999999998,0.16973470000000002,0.0839087,188.25761409999998,-21.883000000000003,Field,406,4
407,7,119.11200000000001,44.083,0.047876999999999996,6.8420000000000005,25.750999999999998,365.085,14.29,1,-21.541999999999998,0.11092,0.0275534,141.1775513,-21.480999999999998,Field,407,6
408,5,120.931,10.0,0.035082,6.233,25.505,125.469,13.372,1,-21.83,0.135831,0.0981794,94.520607,-19.961,Loose,408,4
409,4,129.291,47.168,0.052551,3.98,25.394000000000002,113.845,14.548,1,-21.588,0.1244893,0.09916900000000001,90.0415421,-20.949,Field,409,2
410,4,134.504,30.346999999999998,0.08733400000000001,1.415,23.522,717.062,14.575999999999999,1,-22.703000000000003,0.06590139999999998,0.0083348,52.739181499999994,-20.976999999999997,Node,410,4
411,4,138.55100000000002,7.0760000000000005,0.057191,6.2620000000000005,26.284000000000002,99.98200000000001,14.305,1,-22.015,0.1688954,0.1531991,153.9998627,-21.26,Field,411,3
412,6,143.44899999999998,1.6280000000000001,0.073912,4.481,25.877,154.844,14.751,1,-22.162,0.13397679999999998,0.0784681,141.85037230000003,-21.483,VoiR,412,6
413,5,144.109,59.4,0.041332,3.25,25.311,130.936,14.595,1,-20.964000000000002,0.0490598,0.033980199999999995,57.986259499999996,-19.477999999999998,Field,413,0
414,4,144.965,16.783,0.049932,2.8360000000000003,24.305999999999997,308.70099999999996,14.158,1,-21.83,0.0948566,0.027866900000000003,60.9957123,-21.081999999999997,Loose,414,4
415,5,155.54399999999998,17.831,0.028055,6.921,25.78,392.27,14.469000000000001,1,-20.26,0.06717000000000001,0.0155292,84.0702515,-20.09,Loose,415,5
416,4,158.264,12.062000000000001,0.033627,5.087,25.476999999999997,42.726000000000006,13.984000000000002,1,-21.128,0.1103011,0.2341265,73.9621811,-19.984,Loose,416,3
417,6,158.494,59.413000000000004,0.044972000000000005,7.142,25.83,316.626,13.907,1,-21.905,0.1333447,0.0381934,138.50749209999998,-21.764,Field,417,5
418,5,162.391,16.253,0.022665,5.171,24.433000000000003,340.10900000000004,13.22,1,-21.105,0.0700174,0.0186701,50.8080559,-20.738000000000003,Loose,418,4
419,4,165.03599999999997,24.184,0.044661,5.492000000000001,26.171,190.701,14.257,1,-21.487,0.15413510000000002,0.0733007,105.78459170000001,-19.832,Loose,419,4
420,4,167.65400000000002,10.089,0.048069,4.614,25.761999999999997,64.255,14.463,1,-21.454,0.1352085,0.1908351,95.5844727,-20.469,Field,420,2
421,4,170.201,46.836999999999996,0.054342999999999995,5.027,25.709,146.606,14.370999999999999,1,-21.823,0.1315086,0.0813507,117.55127720000002,-21.176,Field,421,4
422,4,172.229,52.251999999999995,0.048257999999999995,2.695,24.807,293.16,14.484000000000002,1,-21.480999999999998,0.0817597,0.0252926,56.045013399999995,-19.995,Loose,422,2
423,6,172.503,44.184,0.045542,7.065,26.323,200.637,14.247,1,-21.574,0.1390112,0.0628345,138.7395477,-20.647,Field,423,2
425,4,178.19,20.192999999999998,0.051086,6.1370000000000005,26.124000000000002,309.14099999999996,14.168,1,-21.871,0.1376072,0.0403686,135.00621030000002,-20.938000000000002,Field,425,2
426,4,182.016,9.767999999999999,0.070482,3.3569999999999998,25.025,256.812,14.424000000000001,1,-22.379,0.1114948,0.0393729,101.40456390000001,-21.671999999999997,Loose,426,2
427,5,184.727,5.2589999999999995,0.07682699999999999,1.9180000000000001,23.593000000000004,452.333,14.142999999999999,1,-22.85,0.0683989,0.0137136,63.0650902,-21.912,FIl,427,5
428,4,186.892,50.398999999999994,0.040929,4.599,25.509,341.408,14.038,1,-21.493000000000002,0.0970567,0.0257817,81.2567978,-19.868,Field,428,0
429,4,195.334,39.92,0.037323,2.477,24.033,269.553,14.293,1,-21.058000000000003,0.045534500000000006,0.0153199,39.9475403,-20.495,Node,429,4
430,5,196.68099999999998,7.443,0.046963,4.468,25.704,291.642,14.597000000000001,1,-21.266,0.1046845,0.032553,90.4477005,-20.111,FIl,430,3
431,7,199.378,20.622,0.023709,10.575999999999999,25.846999999999998,148.123,13.489,1,-20.793000000000003,0.0888536,0.054401599999999994,108.6730652,-20.771,Field,431,4
432,4,200.27599999999998,12.196,0.062273,6.438,26.328000000000003,231.93900000000002,14.181,1,-22.329,0.1788004,0.0699125,172.1700592,-21.287,Field,432,2
433,7,205.05599999999998,56.799,0.06966,3.418,24.987,515.427,14.592,1,-22.204,0.1222832,0.0215159,102.06470490000001,-21.651999999999997,Field,433,6
434,5,205.38400000000001,23.211,0.033191000000000005,5.404,25.246,301.695,14.097000000000001,1,-20.863000000000003,0.09167710000000001,0.027558199999999998,77.56320190000001,-20.791999999999998,Field,434,3
435,4,206.183,40.455999999999996,0.076348,2.432,24.686999999999998,332.465,14.397,1,-22.583000000000002,0.12369169999999999,0.0337406,79.4565277,-20.24,Loose,435,4
436,4,207.61900000000003,24.948,0.030552,4.064,24.741,90.49,13.834000000000001,1,-21.048000000000002,0.0602605,0.060393499999999996,53.7311249,-20.799,Field,436,3
437,4,208.56599999999997,28.296999999999997,0.0752,3.95,25.741,130.132,14.729000000000001,1,-22.24,0.1679725,0.11706169999999999,127.1666183,-21.355,FIl,437,3
438,4,211.225,24.212,0.062808,4.612,25.905,347.023,14.530999999999999,1,-22.034000000000002,0.14937229999999999,0.0390366,124.38317109999998,-21.074,Field,438,2
439,5,213.299,27.345,0.055761,3.136,24.986,191.93200000000002,14.617,1,-21.656,0.08956549999999999,0.0423207,75.2258224,-20.643,Loose,439,5
440,4,214.928,28.864,0.057464,1.939,24.017,447.504,14.534,1,-21.795,0.0712276,0.014434799999999998,47.9008713,-20.641,Node,440,3
441,4,215.25799999999998,17.684,0.053326,1.953,24.141,687.977,14.565,1,-21.531999999999996,0.0665214,0.0087689,44.8256721,-20.269000000000002,Node,441,2
442,4,218.482,28.0,0.032257999999999995,8.995,26.143,83.07600000000001,13.703,1,-21.301,0.1432423,0.1563711,125.5164108,-21.268,Field,442,3
443,4,221.618,23.891,0.048737,4.7010000000000005,25.755,543.013,14.508,1,-21.430999999999997,0.15928979999999998,0.0266034,98.7155304,-20.840999999999998,Field,443,4
444,5,221.921,9.599,0.029563,7.337999999999999,26.12,149.422,14.142999999999999,1,-20.689,0.095712,0.0580914,93.897522,-20.593000000000004,Loose,444,1
445,5,222.139,11.335,0.052726999999999996,1.905,23.414,585.995,13.838,1,-22.291,0.060822400000000006,0.009413,43.2438393,-20.5,Node,445,5
446,5,222.69799999999998,10.127,0.053977,1.79,23.43,658.66,14.648,1,-21.534000000000002,0.0522385,0.0071926,41.5745239,-21.443,Node,446,5
447,6,223.602,49.394,0.037633,5.309,25.794,292.05,14.436,1,-20.92,0.1173868,0.036452,86.3206863,-20.247,Loose,447,5
448,6,224.192,24.641,0.033766000000000004,7.6579999999999995,26.252,184.998,14.32,1,-20.756,0.1462348,0.07168730000000001,111.8116837,-20.586,Field,448,3
449,4,226.662,9.448,0.028383999999999996,4.2,25.909000000000002,80.687,14.585,1,-20.16,0.0553175,0.06217519999999999,51.6126595,-18.593,Loose,449,1
450,5,227.81900000000002,10.55,0.06956799999999999,4.68,25.863000000000003,174.555,14.615,1,-22.156999999999996,0.1343987,0.069827,139.5864258,-21.805999999999997,Field,450,4
451,4,232.66,3.4810000000000003,0.088407,2.1519999999999997,24.299,425.346,14.482999999999999,1,-22.816999999999997,0.12529500000000002,0.026714699999999997,81.1934814,-21.531999999999996,Node,451,4
452,4,236.269,16.951,0.049082,3.583,24.791,564.096,13.772,1,-22.229,0.1185486,0.0190591,75.7712021,-20.701999999999998,Field,452,3
453,7,237.045,9.131,0.04112,6.933,25.843000000000004,411.421,13.946,1,-21.614,0.11766869999999999,0.025937799999999997,123.06156159999999,-20.755,Loose,453,5
454,5,238.174,-0.528,0.078726,4.07,25.612,327.555,14.59,1,-22.47,0.1792282,0.049622900000000005,137.0480347,-21.295,Field,454,1
455,7,240.104,33.224000000000004,0.088284,2.8480000000000003,24.767,618.4159999999999,14.575,1,-22.733,0.1046238,0.015343,107.31501010000001,-22.043000000000003,Node,455,7
456,4,242.487,30.125,0.048119999999999996,4.522,25.955,198.605,14.364,1,-21.521,0.12990810000000003,0.059320500000000005,93.7624207,-19.794,FIl,456,2
457,4,243.614,50.471000000000004,0.059726999999999995,2.574,24.631999999999998,181.71599999999998,14.422,1,-22.017,0.07193089999999999,0.035899,66.0720825,-20.53,Loose,457,4
458,7,243.981,38.537,0.034782,6.091,26.201999999999998,138.779,14.577,1,-20.57,0.103047,0.0673399,91.589798,-20.088,Field,458,3
459,4,244.41,50.641000000000005,0.041362,4.748,25.61,552.432,14.145999999999999,1,-21.441,0.09917949999999999,0.0162818,84.7610397,-20.121,Loose,459,3
460,5,245.283,13.159,0.034352,3.715,24.912,247.585,14.328,1,-20.778000000000002,0.0790424,0.0289531,55.171382900000005,-19.839000000000002,Loose,460,2
461,4,247.547,36.247,0.075265,3.6710000000000003,25.664,383.398,14.479000000000001,1,-22.476999999999997,0.1604934,0.0379636,118.2803345,-20.026,Field,461,2
462,5,250.332,13.424000000000001,0.050796,4.13,24.858,268.188,13.764000000000001,1,-22.276,0.1120633,0.0378952,90.3463287,-21.427,Loose,462,5
